ID,Name,CPU,RAM,GPU,Display,Storage,Link,Image,Price
msi-stealth-gs77-666,MSI Stealth GS77,Intel Core i9-12900H,48GB RAM,"NVIDIA GeForce RTX 3060 (Laptop, 105W)","17.3”, Full HD (1920 x 1080), 144 Hz, IPS",2000GB SSD,https://laptopmedia.com/laptop-specs/msi-stealth-gs77-666/,https://laptopmedia.com/wp-content/uploads/2022/01/1-47-e1641463389105-300x205.jpg,193900
msi-raider-ge76-978,MSI Raider GE76,Intel Core i9-12900H,64GB RAM,"NVIDIA GeForce RTX 3060 (Laptop, 140W)","17.3”, Full HD (1920 x 1080), 144 Hz, IPS",2000GB SSD,https://laptopmedia.com/laptop-specs/msi-raider-ge76-978/,https://laptopmedia.com/wp-content/uploads/2024/03/71NdYKmT8GL._AC_SL1500_-300x191.jpg,184900
msi-sword-15-1453,MSI Sword 15,Intel Core i7-12650H,16GB RAM,"NVIDIA GeForce RTX 4060 (Laptop, 105W)","15.6”, Full HD (1920 x 1080), 144 Hz, IPS",1000GB SSD,https://laptopmedia.com/laptop-specs/msi-sword-15-1453/,https://laptopmedia.com/wp-content/uploads/2023/01/1-28-e1672932725890-300x194.jpg,128900
msi-crosshair-15-886,MSI Crosshair 15,Intel Core i7-11800H,8GB RAM,"NVIDIA GeForce RTX 3050 (Laptop, 60W)","15.6”, Full HD (1920 x 1080), 144 Hz, IPS",4000GB SSD,https://laptopmedia.com/laptop-specs/msi-crosshair-15-886/,https://laptopmedia.com/wp-content/uploads/2021/05/1-19-e1620799208285-300x189.jpg,191400
msi-sword-15-914,MSI Sword 15,Intel Core i5-12450H,16GB RAM,"NVIDIA GeForce RTX 3050 (Laptop, 60W)","15.6”, Full HD (1920 x 1080), 144 Hz, IPS",1000GB SSD,https://laptopmedia.com/laptop-specs/msi-sword-15-914/,https://laptopmedia.com/wp-content/uploads/2022/11/1-24-e1669019001477-300x190.jpg,79999
msi-raider-ge66-889,MSI Raider GE66,Intel Core i7-12700H,64GB RAM,"NVIDIA GeForce RTX 3080 Ti (Laptop, 150W)","15.6”,  QHD (2560 x 1440), 240 Hz, IPS",1000GB SSD,https://laptopmedia.com/laptop-specs/msi-raider-ge66-889/,https://laptopmedia.com/wp-content/uploads/2023/12/71Z0z8bUhGL._AC_SL1500_-300x192.jpg,462400
msi-gf65-thin-2214,MSI GF65 Thin,Intel Core i5-9300H,20GB RAM,NVIDIA GeForce GTX 1660 Ti (Laptop),"15.6”, Full HD (1920 x 1080), 120 Hz, IPS",512GB SSD,https://laptopmedia.com/laptop-specs/msi-gf65-thin-2214/,https://laptopmedia.com/wp-content/uploads/2019/10/1-26-300x180.jpg,90900
msi-titan-18-hx-19,MSI Titan 18 HX,Intel Core i9-14900HX,128GB RAM,"NVIDIA GeForce RTX 4090 (Laptop, 175W)","18.0”, UHD+ (3840 x 2400), 120 Hz, Mini LED",4000GB SSD,https://laptopmedia.com/laptop-specs/msi-titan-18-hx-19/,https://laptopmedia.com/wp-content/uploads/2024/03/61jKHyh4yaL._AC_SL1120_-300x201.jpg,605900
msi-sword-15-1620,MSI Sword 15,Intel Core i7-12650H,16GB RAM,"NVIDIA GeForce RTX 4050 (Laptop, 105W)","15.6”, Full HD (1920 x 1080), 144 Hz, IPS",512GB SSD,https://laptopmedia.com/laptop-specs/msi-sword-15-1620/,https://laptopmedia.com/wp-content/uploads/2023/01/1-28-e1672932725890-300x194.jpg,120900
msi-stealth-gs77-655,MSI Stealth GS77,Intel Core i9-12900H,16GB RAM,"NVIDIA GeForce RTX 3060 (Laptop, 105W)","17.3”, Full HD (1920 x 1080), 144 Hz, IPS",1000GB SSD,https://laptopmedia.com/laptop-specs/msi-stealth-gs77-655/,https://laptopmedia.com/wp-content/uploads/2022/01/1-47-e1641463389105-300x205.jpg,149900
msi-raider-ge78-hx-135,MSI Raider GE78 HX,Intel Core i9-14900HX,32GB RAM,"NVIDIA GeForce RTX 4080 (Laptop, 175W)","17.0”, QHD+ (2560 x 1600), 240 Hz, IPS",2000GB SSD,https://laptopmedia.com/laptop-specs/msi-raider-ge78-hx-135/,https://laptopmedia.com/wp-content/uploads/2024/01/1-31-e1704803841932-300x208.jpg,329999
msi-cyborg-15-797,MSI Cyborg 15,Intel Core i7-12650H,32GB RAM,"NVIDIA GeForce RTX 4060 (Laptop, 45W)","15.6”, Full HD (1920 x 1080), 144 Hz, IPS",2000GB SSD,https://laptopmedia.com/laptop-specs/msi-cyborg-15-797/,https://laptopmedia.com/wp-content/uploads/2023/01/1-26-e1672930662262-300x200.jpg,144900
msi-titan-18-hx-14,MSI Titan 18 HX,Intel Core i9-14900HX,192GB RAM,"NVIDIA GeForce RTX 4090 (Laptop, 175W)","18.0”, UHD+ (3840 x 2400), 120 Hz, Mini LED",2000GB SSD,https://laptopmedia.com/laptop-specs/msi-titan-18-hx-14/,https://laptopmedia.com/wp-content/uploads/2024/02/61pRM8PWqgL._AC_SL1500_-2-300x305.jpg,706900
msi-creator-m16-536,MSI Creator M16,Intel Core i7-13620H,48GB RAM,"NVIDIA GeForce RTX 4060 (Laptop, 105W)","16.0"", WQXGA (2560 x 1600), IPS",4000GB SSD,https://laptopmedia.com/laptop-specs/msi-creator-m16-536/,https://laptopmedia.com/wp-content/uploads/2023/01/5-32-e1672991494122-300x208.jpg,209900
msi-summit-e13-flip-43,MSI Summit E13 Flip,Intel Core i5-1240P,16GB RAM,Intel Iris Xe Graphics G7 (80EU),"13.4"", FHD+ (1920 x 1200), 120 Hz, IPS",1000GB SSD,https://laptopmedia.com/laptop-specs/msi-summit-e13-flip-43/,https://laptopmedia.com/wp-content/uploads/2022/03/product_164755356026417e14f5da1f8d971719fc78f37b35-300x204.jpg,87900
msi-titan-18-hx-22,MSI Titan 18 HX,Intel Core i9-14900HX,128GB RAM,"NVIDIA GeForce RTX 4090 (Laptop, 175W)","18.0”, UHD+ (3840 x 2400), 120 Hz, Mini LED",8000GB SSD,https://laptopmedia.com/laptop-specs/msi-titan-18-hx-22/,https://laptopmedia.com/wp-content/uploads/2024/03/619-h6LVa6L._AC_SL1180_-300x193.jpg,713400
msi-katana-15-344,MSI Katana 15,Intel Core i7-12650H,16GB RAM,"NVIDIA GeForce RTX 4060 (Laptop, 105W)","15.6”, Full HD (1920 x 1080), 144 Hz, IPS",1000GB SSD,https://laptopmedia.com/laptop-specs/msi-katana-15-344/,https://laptopmedia.com/wp-content/uploads/2023/12/71qUvG42-9L._AC_SL1500_-300x195.jpg,109900
msi-thin-gf63-848,MSI Thin GF63,Intel Core i5-12450H,16GB RAM,NVIDIA GeForce RTX 2050,"15.6”, Full HD (1920 x 1080), 144 Hz, IPS",4000GB SSD,https://laptopmedia.com/laptop-specs/msi-thin-gf63-848/,https://laptopmedia.com/wp-content/uploads/2023/12/61Pqeat5yNL._AC_SL1310_-300x187.jpg,99999
msi-gf65-thin-2132,MSI GF65 Thin,Intel Core i5-9300H,16GB RAM,NVIDIA GeForce GTX 1660 Ti (Laptop),"15.6”, Full HD (1920 x 1080), 120 Hz, IPS",2000GB SSD,https://laptopmedia.com/laptop-specs/msi-gf65-thin-2132/,https://laptopmedia.com/wp-content/uploads/2019/10/1-26-300x180.jpg,106900
msi-thin-gf63-823,MSI Thin GF63,Intel Core i7-12650H,32GB RAM,"NVIDIA GeForce RTX 4060 (Laptop, 45W)","15.6”, Full HD (1920 x 1080), 144 Hz, IPS",4000GB SSD,https://laptopmedia.com/laptop-specs/msi-thin-gf63-823/,https://laptopmedia.com/wp-content/uploads/2023/12/71JMIdpeFL._AC_SL1500_-300x207.jpg,136900
msi-gf65-thin-1411,MSI GF65 Thin,Intel Core i5-10500H,16GB RAM,"NVIDIA GeForce RTX 3060 (Laptop, 75W)","15.6”, Full HD (1920 x 1080), 144 Hz, IPS",512GB SSD,https://laptopmedia.com/laptop-specs/msi-gf65-thin-1411/,https://laptopmedia.com/wp-content/uploads/2020/04/1-23-300x192.jpg,86179
msi-bravo-15-304,MSI Bravo 15,AMD Ryzen 7 7840HS,32GB RAM,AMD Radeon RX 6550M,"15.6”, Full HD (1920 x 1080), 144 Hz, IPS",1000GB SSD,https://laptopmedia.com/laptop-specs/msi-bravo-15-304/,https://laptopmedia.com/wp-content/uploads/2023/06/1-5-e1685716011943-300x189.jpg,115398
msi-stealth-gs77-672,MSI Stealth GS77,Intel Core i9-12900H,64GB RAM,"NVIDIA GeForce RTX 3060 (Laptop, 105W)","17.3”, Full HD (1920 x 1080), 144 Hz, IPS",2000GB SSD,https://laptopmedia.com/laptop-specs/msi-stealth-gs77-672/,https://laptopmedia.com/wp-content/uploads/2022/01/1-47-e1641463389105-300x205.jpg,203900
msi-creator-z16-306,MSI Creator Z16,Intel Core i7-12700H,48GB RAM,"NVIDIA GeForce RTX 3060 (Laptop, 70W)","16.0"", WQXGA (2560 x 1600), 120 Hz, IPS",2000GB SSD,https://laptopmedia.com/laptop-specs/msi-creator-z16-306/,https://laptopmedia.com/wp-content/uploads/2022/03/1-94-e1627048221822-300x192.jpg,196900
msi-gf63-thin-3233,MSI GF63 Thin,Intel Core i5-10500H,48GB RAM,"NVIDIA GeForce GTX 1650 (Laptop, 40W)","15.6”, Full HD (1920 x 1080), IPS",1000GB SSD,https://laptopmedia.com/laptop-specs/msi-gf63-thin-3233/,https://laptopmedia.com/wp-content/uploads/2020/04/1-24-300x196.jpg,88900
msi-titan-18-hx-10,MSI Titan 18 HX,Intel Core i9-14900HX,192GB RAM,"NVIDIA GeForce RTX 4090 (Laptop, 175W)","18.0”, UHD+ (3840 x 2400), 120 Hz, Mini LED",2000GB SSD,https://laptopmedia.com/laptop-specs/msi-titan-18-hx-10/,https://laptopmedia.com/wp-content/uploads/2024/01/1-34-e1704808006211-300x203.jpg,609900
msi-creator-z16-297,MSI Creator Z16,Intel Core i7-12700H,16GB RAM,"NVIDIA GeForce RTX 3060 (Laptop, 70W)","16.0"", WQXGA (2560 x 1600), 120 Hz, IPS",1000GB SSD,https://laptopmedia.com/laptop-specs/msi-creator-z16-297/,https://laptopmedia.com/wp-content/uploads/2022/03/1-94-e1627048221822-300x192.jpg,159900
msi-katana-15-93,MSI Katana 15,Intel Core i7-13620H,16GB RAM,"NVIDIA GeForce RTX 4070 (Laptop, 105W)","15.6”, Full HD (1920 x 1080), 144 Hz, IPS",1000GB SSD,https://laptopmedia.com/laptop-specs/msi-katana-15-93/,https://laptopmedia.com/wp-content/uploads/2023/01/1-24-e1672928815516-300x204.jpg,121499
msi-thin-gf63-840,MSI Thin GF63,Intel Core i5-12450H,32GB RAM,NVIDIA GeForce RTX 2050,"15.6”, Full HD (1920 x 1080), 144 Hz, IPS",8000GB SSD,https://laptopmedia.com/laptop-specs/msi-thin-gf63-840/,https://laptopmedia.com/wp-content/uploads/2023/12/612718bb6L._AC_SL1403_-300x175.jpg,273499
msi-wf66-884,MSI WF66,Intel Core i7-11800H,64GB RAM,NVIDIA RTX A2000 (Laptop),"15.6”, Full HD (1920 x 1080), IPS",1000GB HDD,https://laptopmedia.com/laptop-specs/msi-wf66-884/,https://laptopmedia.com/wp-content/uploads/2023/12/51cOkM28T6L._AC_-1-300x233.jpg,383499
msi-bravo-15-406,MSI Bravo 15,AMD Ryzen 5 7535HS,64GB RAM,"NVIDIA GeForce RTX 4050 (Laptop, 105W)","15.6”, Full HD (1920 x 1080), 144 Hz, IPS",8000GB SSD,https://laptopmedia.com/laptop-specs/msi-bravo-15-406/,https://laptopmedia.com/wp-content/uploads/2023/06/1-5-e1685716011943-300x189.jpg,327999
msi-crosshair-15-545,MSI Crosshair 15,Intel Core i7-12700H,16GB RAM,"NVIDIA GeForce RTX 3070 (Laptop, 140W)","15.6"", WQHD (2560 x 1440), 165 Hz, IPS",1000GB SSD,https://laptopmedia.com/laptop-specs/msi-crosshair-15-545/,https://laptopmedia.com/wp-content/uploads/2022/03/81mFYBD6jiL._AC_SL1500_-4.jpg,299900
msi-gf63-thin-563,MSI GF63 Thin,Intel Core i5-9300H,8GB RAM,NVIDIA GeForce GTX 1650 Max-Q,"15.6”, Full HD (1920 x 1080), IPS",256GB SSD,https://laptopmedia.com/laptop-specs/msi-gf63-thin-563/,https://laptopmedia.com/wp-content/uploads/2021/12/713piYhxJ3S._AC_SL1500_-300x208.jpg,69900
msi-sword-15-1542,MSI Sword 15,Intel Core i7-12650H,32GB RAM,"NVIDIA GeForce RTX 4060 (Laptop, 105W)","15.6”, Full HD (1920 x 1080), 144 Hz, IPS",4000GB SSD,https://laptopmedia.com/laptop-specs/msi-sword-15-1542/,https://laptopmedia.com/wp-content/uploads/2023/01/1-28-e1672932725890-300x194.jpg,173900
msi-bravo-15-399,MSI Bravo 15,AMD Ryzen 5 7535HS,32GB RAM,"NVIDIA GeForce RTX 4050 (Laptop, 105W)","15.6”, Full HD (1920 x 1080), 144 Hz, IPS",4000GB SSD,https://laptopmedia.com/laptop-specs/msi-bravo-15-399/,https://laptopmedia.com/wp-content/uploads/2024/03/61BhKS3c8AL._AC_SL1350_-300x177.jpg,196499
msi-sword-15-1636,MSI Sword 15,Intel Core i7-12650H,32GB RAM,"NVIDIA GeForce RTX 4060 (Laptop, 105W)","15.6”, Full HD (1920 x 1080), 144 Hz, IPS",1000GB SSD,https://laptopmedia.com/laptop-specs/msi-sword-15-1636/,https://laptopmedia.com/wp-content/uploads/2023/01/1-28-e1672932725890-300x194.jpg,138900
msi-sword-15-1629,MSI Sword 15,Intel Core i7-12650H,16GB RAM,"NVIDIA GeForce RTX 4060 (Laptop, 105W)","15.6”, Full HD (1920 x 1080), 144 Hz, IPS",2000GB SSD,https://laptopmedia.com/laptop-specs/msi-sword-15-1629/,https://laptopmedia.com/wp-content/uploads/2023/01/1-28-e1672932725890-300x194.jpg,140900
msi-raider-ge68-hx-28,MSI Raider GE68 HX,Intel Core i9-14900HX,64GB RAM,"NVIDIA GeForce RTX 4070 (Laptop, 140W)","16.0"", UHD+ (3840 x 2400), 120 Hz, Mini LED",4000GB SSD,https://laptopmedia.com/laptop-specs/msi-raider-ge68-hx-28/,https://laptopmedia.com/wp-content/uploads/2024/01/1-30-e1704803355443-300x207.jpg,354400
msi-creator-z16-228,MSI Creator Z16,Intel Core i7-12700H,64GB RAM,"NVIDIA GeForce RTX 3060 (Laptop, 70W)","16.0"", WQXGA (2560 x 1600), 120 Hz, IPS",4000GB SSD,https://laptopmedia.com/laptop-specs/msi-creator-z16-228/,https://laptopmedia.com/wp-content/uploads/2022/03/1-94-e1627048221822-300x192.jpg,219900
msi-gs66-stealth-10sf-005,MSI GS66 Stealth,Intel Core i7-10750H,16GB RAM,NVIDIA GeForce RTX 2070 Max-Q,"15.6”, Full HD (1920 x 1080), 240 Hz, IPS",1000GB SSD,https://laptopmedia.com/laptop-specs/msi-gs66-stealth-10sf-005/,https://laptopmedia.com/wp-content/uploads/2020/01/1-3-e1578387740988-300x183.png,149900
msi-stealth-gs77-667,MSI Stealth GS77,Intel Core i9-12900H,48GB RAM,"NVIDIA GeForce RTX 3060 (Laptop, 105W)","17.3”, Full HD (1920 x 1080), 144 Hz, IPS",2000GB SSD,https://laptopmedia.com/laptop-specs/msi-stealth-gs77-667/,https://laptopmedia.com/wp-content/uploads/2022/01/1-47-e1641463389105-300x205.jpg,188900
msi-thin-gf63-868,MSI Thin GF63,Intel Core i5-12450H,40GB RAM,NVIDIA GeForce RTX 2050,"15.6”, Full HD (1920 x 1080), 144 Hz, IPS",1000GB SSD,https://laptopmedia.com/laptop-specs/msi-thin-gf63-868/,https://laptopmedia.com/wp-content/uploads/2023/12/71gS0HjFXfL._AC_SL1500_-300x175.jpg,94900
msi-stealth-14-studio-30,MSI Stealth 14 Studio,Intel Core i7-13620H,64GB RAM,"NVIDIA GeForce RTX 4060 (Laptop, 90W)","14.0"", WUXGA (1920 x 1200), 165 Hz, IPS",4000GB SSD,https://laptopmedia.com/laptop-specs/msi-stealth-14-studio-30/,https://laptopmedia.com/wp-content/uploads/2023/01/1-32-e1672937114298-300x200.jpg,275999
msi-raider-ge66-873,MSI Raider GE66,Intel Core i7-12700H,64GB RAM,"NVIDIA GeForce RTX 3080 Ti (Laptop, 150W)","15.6”,  QHD (2560 x 1440), 240 Hz, IPS",1000GB SSD,https://laptopmedia.com/laptop-specs/msi-raider-ge66-873/,https://laptopmedia.com/wp-content/uploads/2023/12/812AFTxbKkL._AC_SL1500_-300x243.jpg,417900
msi-sword-15-1617,MSI Sword 15,Intel Core i7-12650H,16GB RAM,"NVIDIA GeForce RTX 4050 (Laptop, 105W)","15.6”, Full HD (1920 x 1080), 144 Hz, IPS",512GB SSD,https://laptopmedia.com/laptop-specs/msi-sword-15-1617/,https://laptopmedia.com/wp-content/uploads/2023/01/1-28-e1672932725890-300x194.jpg,120900
msi-katana-17-402,MSI Katana 17,Intel Core i7-13620H,32GB RAM,"NVIDIA GeForce RTX 4060 (Laptop, 105W)","17.3”, Full HD (1920 x 1080), 144 Hz, IPS",4000GB SSD,https://laptopmedia.com/laptop-specs/msi-katana-17-402/,https://laptopmedia.com/wp-content/uploads/2023/01/1-25-e1672929814342-300x200.jpg,194960
msi-cyborg-15-737,MSI Cyborg 15,Intel Core i7-12650H,16GB RAM,"NVIDIA GeForce RTX 4060 (Laptop, 45W)","15.6”, Full HD (1920 x 1080), 144 Hz, IPS",1000GB SSD,https://laptopmedia.com/laptop-specs/msi-cyborg-15-737/,https://laptopmedia.com/wp-content/uploads/2023/01/1-26-e1672930662262-300x200.jpg,122900
msi-wf66-875,MSI WF66,Intel Core i7-11800H,32GB RAM,NVIDIA RTX A2000 (Laptop),"15.6”, Full HD (1920 x 1080), IPS",1000GB HDD,https://laptopmedia.com/laptop-specs/msi-wf66-875/,https://laptopmedia.com/wp-content/uploads/2023/12/51cOkM28T6L._AC_-300x233.jpg,385499
msi-raider-ge68-hx-11,MSI Raider GE68 HX,Intel Core i9-14900HX,32GB RAM,"NVIDIA GeForce RTX 4070 (Laptop, 140W)","16.0"", UHD+ (3840 x 2160), 144 Hz, Mini LED",4000GB SSD,https://laptopmedia.com/laptop-specs/msi-raider-ge68-hx-11/,https://laptopmedia.com/wp-content/uploads/2024/01/1-30-e1704803355443-300x207.jpg,347500
msi-gs65-stealth-thin-8rx-12,MSI GS65 Stealth Thin 8RX,Intel Core i7-8750H,32GB RAM,NVIDIA GeForce GTX 1070 Max-Q (8GB GDDR5),"15.6”, Full HD (1920 x 1080), 144 Hz, TN",1000GB SSD,https://laptopmedia.com/laptop-specs/msi-gs65-stealth-thin-8rx-12/,https://laptopmedia.com/wp-content/uploads/2018/04/1522728324000_IMG_964725-300x280.jpg,299900
msi-raider-ge66-843,MSI Raider GE66,Intel Core i7-12700H,64GB RAM,"NVIDIA GeForce RTX 3080 Ti (Laptop, 150W)","15.6”,  QHD (2560 x 1440), 240 Hz, IPS",4000GB SSD,https://laptopmedia.com/laptop-specs/msi-raider-ge66-843/,https://laptopmedia.com/wp-content/uploads/2023/12/71gmEjv1FeL._AC_SL1500_-300x222.jpg,562900
msi-raider-ge76-968,MSI Raider GE76,Intel Core i9-12900H,32GB RAM,"NVIDIA GeForce RTX 3060 (Laptop, 140W)","17.3”, Full HD (1920 x 1080), 144 Hz, IPS",4000GB SSD,https://laptopmedia.com/laptop-specs/msi-raider-ge76-968/,https://laptopmedia.com/wp-content/uploads/2022/02/product_1639040638b7515d6bb3107aa4916d9302bac76680-300x211.jpg,229900
msi-vector-17-hx-16,MSI Vector 17 HX,Intel Core i9-14900HX,32GB RAM,"NVIDIA GeForce RTX 4070 (Laptop, 140W)","17.0”, QHD+ (2560 x 1600), 240 Hz, IPS",4000GB SSD,https://laptopmedia.com/laptop-specs/msi-vector-17-hx-16/,https://laptopmedia.com/wp-content/uploads/2024/01/1-24-e1704792800467-300x196.jpg,324900
msi-titan-18-hx-11,MSI Titan 18 HX,Intel Core i9-14900HX,128GB RAM,"NVIDIA GeForce RTX 4090 (Laptop, 175W)","18.0”, UHD+ (3840 x 2400), 120 Hz, Mini LED",2000GB SSD,https://laptopmedia.com/laptop-specs/msi-titan-18-hx-11/,https://laptopmedia.com/wp-content/uploads/2024/02/61pRM8PWqgL._AC_SL1500_-1-300x305.jpg,625900
msi-pulse-gl76-674,MSI Pulse GL76,Intel Core i7-12700H,32GB RAM,"NVIDIA GeForce RTX 3070 (Laptop, 105W)","17.3”, Full HD (1920 x 1080), 360 Hz, IPS",1000GB SSD,https://laptopmedia.com/laptop-specs/msi-pulse-gl76-674/,https://laptopmedia.com/wp-content/uploads/2023/03/61cSJehzbML._AC_SL1500_-300x175.jpg,199900
msi-sword-15-553,MSI Sword 15,Intel Core i7-11800H,16GB RAM,NVIDIA GeForce RTX 3050 Ti (Laptop),"15.6”, Full HD (1920 x 1080), 144 Hz, IPS",1000GB SSD,https://laptopmedia.com/laptop-specs/msi-sword-15-553/,https://laptopmedia.com/wp-content/uploads/2021/05/1-25-e1620819344823-300x192.jpg,140900
msi-cyborg-15-821,MSI Cyborg 15,Intel Core i7-12650H,16GB RAM,"NVIDIA GeForce RTX 4060 (Laptop, 45W)","15.6”, Full HD (1920 x 1080), 144 Hz, IPS",1000GB SSD,https://laptopmedia.com/laptop-specs/msi-cyborg-15-821/,https://laptopmedia.com/wp-content/uploads/2024/03/715RW-QgW2L._AC_SL1500_-300x198.jpg,104900
msi-cyborg-15-809,MSI Cyborg 15,Intel Core i7-12650H,64GB RAM,"NVIDIA GeForce RTX 4060 (Laptop, 45W)","15.6”, Full HD (1920 x 1080), 144 Hz, IPS",1000GB SSD,https://laptopmedia.com/laptop-specs/msi-cyborg-15-809/,https://laptopmedia.com/wp-content/uploads/2024/03/61eLOmRikL._AC_SL1137_-300x229.jpg,249999
msi-sword-15-1625,MSI Sword 15,Intel Core i7-12650H,16GB RAM,"NVIDIA GeForce RTX 4060 (Laptop, 105W)","15.6”, Full HD (1920 x 1080), 144 Hz, IPS",1000GB SSD,https://laptopmedia.com/laptop-specs/msi-sword-15-1625/,https://laptopmedia.com/wp-content/uploads/2023/01/1-28-e1672932725890-300x194.jpg,133900
msi-thin-gf63-841,MSI Thin GF63,Intel Core i5-12450H,64GB RAM,NVIDIA GeForce RTX 2050,"15.6”, Full HD (1920 x 1080), 144 Hz, IPS",1000GB HDD,https://laptopmedia.com/laptop-specs/msi-thin-gf63-841/,https://laptopmedia.com/wp-content/uploads/2023/12/612718bb6L._AC_SL1403_-300x175.jpg,144499
msi-thin-gf63-835,MSI Thin GF63,Intel Core i5-12450H,16GB RAM,NVIDIA GeForce RTX 2050,"15.6”, Full HD (1920 x 1080), 144 Hz, IPS",8000GB SSD,https://laptopmedia.com/laptop-specs/msi-thin-gf63-835/,https://laptopmedia.com/wp-content/uploads/2023/12/612718bb6L._AC_SL1403_-300x175.jpg,261499
msi-thin-gf63-434,MSI Thin GF63,Intel Core i5-12450H,8GB RAM,"NVIDIA GeForce RTX 4050 (Laptop, 45W)","15.6”, Full HD (1920 x 1080), 144 Hz, IPS",512GB SSD,https://laptopmedia.com/laptop-specs/msi-thin-gf63-434/,https://laptopmedia.com/wp-content/uploads/2023/01/1-27-e1672931633499-300x193.jpg,79900
msi-gf63-thin-2966,MSI GF63 Thin,Intel Core i5-10500H,8GB RAM,"NVIDIA GeForce GTX 1650 (Laptop, 40W)","15.6”, Full HD (1920 x 1080), IPS",512GB SSD,https://laptopmedia.com/laptop-specs/msi-gf63-thin-2966/,https://laptopmedia.com/wp-content/uploads/2020/04/1-24-300x196.jpg,62900
msi-wf66-877,MSI WF66,Intel Core i7-11800H,32GB RAM,NVIDIA RTX A2000 (Laptop),"15.6”, Full HD (1920 x 1080), IPS",2000GB HDD,https://laptopmedia.com/laptop-specs/msi-wf66-877/,https://laptopmedia.com/wp-content/uploads/2023/12/51cOkM28T6L._AC_-300x233.jpg,349499
msi-wf66-857,MSI WF66,Intel Core i7-11800H,32GB RAM,NVIDIA RTX A2000 (Laptop),"15.6”, Full HD (1920 x 1080), IPS",1000GB HDD,https://laptopmedia.com/laptop-specs/msi-wf66-857/,https://laptopmedia.com/wp-content/uploads/2023/12/51dSPFToiL._AC_SL1024_-300x230.jpg,384999
msi-creator-z16-304,MSI Creator Z16,Intel Core i7-12700H,16GB RAM,"NVIDIA GeForce RTX 3060 (Laptop, 70W)","16.0"", WQXGA (2560 x 1600), 120 Hz, IPS",1000GB SSD,https://laptopmedia.com/laptop-specs/msi-creator-z16-304/,https://laptopmedia.com/wp-content/uploads/2022/03/1-94-e1627048221822-300x192.jpg,164900
msi-creator-m16-551,MSI Creator M16,Intel Core i7-12650H,32GB RAM,NVIDIA GeForce RTX 3060 (Laptop),"16.0"", WQXGA (2560 x 1600), IPS",1000GB SSD,https://laptopmedia.com/laptop-specs/msi-creator-m16-551/,https://laptopmedia.com/wp-content/uploads/2023/01/5-32-e1672991494122-300x208.jpg,159900
msi-raider-ge68-hx-14,MSI Raider GE68 HX,Intel Core i9-14900HX,64GB RAM,"NVIDIA GeForce RTX 4090 (Laptop, 175W)","16.0"", UHD+ (3840 x 2160), 144 Hz, Mini LED",2000GB SSD,https://laptopmedia.com/laptop-specs/msi-raider-ge68-hx-14/,https://laptopmedia.com/wp-content/uploads/2024/01/1-30-e1704803355443-300x207.jpg,394900
msi-creator-z16-277,MSI Creator Z16,Intel Core i7-12700H,24GB RAM,"NVIDIA GeForce RTX 3060 (Laptop, 70W)","16.0"", WQXGA (2560 x 1600), 120 Hz, IPS",2000GB SSD,https://laptopmedia.com/laptop-specs/msi-creator-z16-277/,https://laptopmedia.com/wp-content/uploads/2022/03/1-94-e1627048221822-300x192.jpg,181900
msi-raider-ge76-915,MSI Raider GE76,Intel Core i7-12700H,16GB RAM,"NVIDIA GeForce RTX 3060 (Laptop, 140W)","17.3”, Full HD (1920 x 1080), 144 Hz, IPS",512GB SSD,https://laptopmedia.com/laptop-specs/msi-raider-ge76-915/,https://laptopmedia.com/wp-content/uploads/2023/12/71M18mVxsbL._AC_SL1450_-1-300x185.jpg,158999
msi-sword-15-1637,MSI Sword 15,Intel Core i7-12650H,64GB RAM,"NVIDIA GeForce RTX 4060 (Laptop, 105W)","15.6”, Full HD (1920 x 1080), 144 Hz, IPS",4000GB SSD,https://laptopmedia.com/laptop-specs/msi-sword-15-1637/,https://laptopmedia.com/wp-content/uploads/2023/01/1-28-e1672932725890-300x194.jpg,188900
msi-raider-ge68-hx-31,MSI Raider GE68 HX,Intel Core i9-14900HX,64GB RAM,"NVIDIA GeForce RTX 4080 (Laptop, 175W)","16.0"", UHD+ (3840 x 2400), 120 Hz, Mini LED",4000GB SSD,https://laptopmedia.com/laptop-specs/msi-raider-ge68-hx-31/,https://laptopmedia.com/wp-content/uploads/2024/01/1-30-e1704803355443-300x207.jpg,381900
msi-cyborg-15-756,MSI Cyborg 15,Intel Core i7-13620H,32GB RAM,"NVIDIA GeForce RTX 4050 (Laptop, 45W)","15.6”, Full HD (1920 x 1080), 144 Hz, IPS",2000GB SSD,https://laptopmedia.com/laptop-specs/msi-cyborg-15-756/,https://laptopmedia.com/wp-content/uploads/2023/01/1-26-e1672930662262-300x200.jpg,115900
msi-titan-gt77-507,MSI Titan GT77,Intel Core i9-13980HX,192GB RAM,"NVIDIA GeForce RTX 4090 (Laptop, 175W)","17.3”, 4K UHD (3840 x 2160), 144 Hz, IPS",4000GB SSD,https://laptopmedia.com/laptop-specs/msi-titan-gt77-507/,https://laptopmedia.com/wp-content/uploads/2023/01/1024-e1672905196655-300x208.jpg,704900
msi-sword-15-1440,MSI Sword 15,Intel Core i7-12650H,64GB RAM,"NVIDIA GeForce RTX 4050 (Laptop, 105W)","15.6”, Full HD (1920 x 1080), 144 Hz, IPS",4000GB SSD,https://laptopmedia.com/laptop-specs/msi-sword-15-1440/,https://laptopmedia.com/wp-content/uploads/2023/01/1-28-e1672932725890-300x194.jpg,186900
msi-ge63-raider-rgb-8rx-2,MSI GE63 Raider RGB 8RX,Intel Core i7-8750H,16GB RAM,NVIDIA GeForce GTX 1060 (6GB GDDR5),"15.6”, Full HD (1920 x 1080), 120 Hz, TN",1000GB HDD,https://laptopmedia.com/laptop-specs/msi-ge63-raider-rgb-8rx-2/,https://laptopmedia.com/wp-content/uploads/2018/04/product_10_20180308171432_5aa0fef863257-300x196.jpg,169900
msi-gf65-thin-2133,MSI GF65 Thin,Intel Core i5-9300H,16GB RAM,NVIDIA GeForce GTX 1660 Ti (Laptop),"15.6”, Full HD (1920 x 1080), 120 Hz, IPS",2000GB SSD,https://laptopmedia.com/laptop-specs/msi-gf65-thin-2133/,https://laptopmedia.com/wp-content/uploads/2019/10/1-26-300x180.jpg,111900
msi-raider-ge68-hx-19,MSI Raider GE68 HX,Intel Core i9-14900HX,64GB RAM,"NVIDIA GeForce RTX 4090 (Laptop, 175W)","16.0"", UHD+ (3840 x 2160), 144 Hz, Mini LED",2000GB SSD,https://laptopmedia.com/laptop-specs/msi-raider-ge68-hx-19/,https://laptopmedia.com/wp-content/uploads/2024/01/1-30-e1704803355443-300x207.jpg,404900
msi-thin-gf63-843,MSI Thin GF63,Intel Core i5-12450H,64GB RAM,NVIDIA GeForce RTX 2050,"15.6”, Full HD (1920 x 1080), 144 Hz, IPS",2000GB SSD,https://laptopmedia.com/laptop-specs/msi-thin-gf63-843/,https://laptopmedia.com/wp-content/uploads/2023/12/612718bb6L._AC_SL1403_-300x175.jpg,162499
msi-crosshair-16-37,MSI Crosshair 16,Intel Core i7-13620H,64GB RAM,NVIDIA GeForce RTX 4070 (Laptop),"16.0″, WUXGA (1920 x 1200), 144 Hz, IPS",4000GB SSD,https://laptopmedia.com/laptop-specs/msi-crosshair-16-37/,https://laptopmedia.com/wp-content/uploads/2024/03/61j6uzY-9xL._AC_SL1280_-300x190.jpg,199999
msi-sword-15-1639,MSI Sword 15,Intel Core i7-12650H,16GB RAM,"NVIDIA GeForce RTX 4050 (Laptop, 105W)","15.6”, Full HD (1920 x 1080), 144 Hz, IPS",1000GB SSD,https://laptopmedia.com/laptop-specs/msi-sword-15-1639/,https://laptopmedia.com/wp-content/uploads/2023/01/1-28-e1672932725890-300x194.jpg,126900
msi-vector-17-hx-34,MSI Vector 17 HX,Intel Core i9-14900HX,32GB RAM,"NVIDIA GeForce RTX 4070 (Laptop, 140W)","17.0”, QHD+ (2560 x 1600), 240 Hz, IPS",4000GB SSD,https://laptopmedia.com/laptop-specs/msi-vector-17-hx-34/,https://laptopmedia.com/wp-content/uploads/2024/03/618mX9rAi5L._AC_SL1500_-300x191.jpg,303400
msi-gp66-leopard-1015,MSI GP66 Leopard,Intel Core i7-11800H,32GB RAM,"NVIDIA GeForce RTX 3080 (Laptop, 140W)","15.6”, Full HD (1920 x 1080), 144 Hz, IPS",512GB SSD,https://laptopmedia.com/laptop-specs/msi-gp66-leopard-1015/,https://laptopmedia.com/wp-content/uploads/2024/03/61ZdLCKmrVL._AC_SL1280_-300x254.jpg,252400
